_id,title,description,rating,price,__v
ObjectId(64df71384d9c4c0225b6bbc6),Test,Your book description here,1,30,0
ObjectId(64df78c730baa83c14d86918),Test,Your book description here,1,30,0
ObjectId(64df7913c400d9daa421c584),Test,Your book description here,1,30,0
ObjectId(64df8712f2bdba126ca2f4a4),Restt,Your book description heressss,4,300,0
ObjectId(64df8b2270a13f3f5cc2a27f),Restt,Your book description heressss,4,300,0
ObjectId(64df8b3470a13f3f5cc2a281),Restt,Your book description heressss,4,300,0
ObjectId(64df8b9070a13f3f5cc2a283),Restt,Your book description heressss,4,300,0
ObjectId(64df8b9570a13f3f5cc2a285),Restt,Your book description heressss,4,300,0
ObjectId(64df8cd20c90db9f64a5a431),Restt,Your book description heressss,4,300,0
ObjectId(64df8d1e0c90db9f64a5a433),Restt,Your book description heressss,4,300,0
ObjectId(64df8d220c90db9f64a5a435),Restt,Your book description heressss,4,300,0
